{
  "counters": {
    "workflow.runs": 1183.0,
    "workflow.success": 1173.0,
    "agent.PlannerAgent.invocations": 1089.0,
    "tasks.created": 1083.0,
    "agent.PlannerAgent.success": 1084.0,
    "agent.ReviewerAgent.invocations": 1082.0,
    "tasks.rejected": 904.0,
    "agent.ReviewerAgent.success": 1081.0,
    "agent.ExecutorAgent.invocations": 1019.0,
    "tasks.executed": 1019.0,
    "agent.ExecutorAgent.success": 1019.0,
    "tasks.review": 176.0,
    "agent.PlannerAgent.policy.violations": 2.0,
    "policy.violations.total": 2.0,
    "agent.PlannerAgent.errors": 2.0,
    "test.counter": 3.0,
    "test.counter.1766419169521": 1.0,
    "workflow.errors": 1.0
  },
  "gauges": {
    "health_status": 0.0,
    "health_check_task_store": 0.0,
    "health_check_guardrails": 0.0,
    "observability.trace_export_queue_size": 0,
    "observability.otel_collector_health": 1.0
  },
  "histograms": {
    "observability.metrics_collection_latency_ms": {
      "count": 1000,
      "min": 0.6437301635742188,
      "max": 37.63389587402344,
      "avg": 1.3608713150024414,
      "p50": 1.1057853698730469,
      "p95": 2.6330947875976562,
      "p99": 7.687807083129883
    },
    "agent.PlannerAgent.latency_ms": {
      "count": 884,
      "min": 1770.0529098510742,
      "max": 3092640.643119812,
      "avg": 6728.30090452643,
      "p50": 3097.96404838562,
      "p95": 4824.004888534546,
      "p99": 6005.34725189209
    },
    "agent.ReviewerAgent.latency_ms": {
      "count": 884,
      "min": 350.5668640136719,
      "max": 2824.9709606170654,
      "avg": 646.8464915569012,
      "p50": 572.3800659179688,
      "p95": 1317.0127868652344,
      "p99": 1550.7729053497314
    },
    "observability.decision_log_flush_latency_ms": {
      "count": 884,
      "min": 0.308990478515625,
      "max": 113.07072639465332,
      "avg": 3.1572720583747413,
      "p50": 2.6950836181640625,
      "p95": 5.227088928222656,
      "p99": 14.27006721496582
    },
    "agent.ExecutorAgent.latency_ms": {
      "count": 832,
      "min": 423.14600944519043,
      "max": 111463.89198303223,
      "avg": 1488.3412240216364,
      "p50": 1136.9900703430176,
      "p95": 2606.5869331359863,
      "p99": 3225.371837615967
    },
    "workflow.latency_ms": {
      "count": 884,
      "min": 2426.2819290161133,
      "max": 3094861.9771003723,
      "avg": 9010.23779843188,
      "p50": 5133.282661437988,
      "p95": 7829.9400806427,
      "p99": 9418.790102005005
    }
  },
  "timestamp": 1766491613.068086
}